{"ores":[{"id":"Arena_BlueTeamOre","softCurrencyChance":0.0,"softCurrencyAmount":0,"hardCurrencyChance":0.06,"hardCurrencyAmount":5,"researchPointsChance":0.03},{"id":"Arena_Health","softCurrencyChance":0.0,"softCurrencyAmount":0,"hardCurrencyChance":0.0,"hardCurrencyAmount":0,"researchPointsChance":0.0},{"id":"Arena_Loot","softCurrencyChance":0.0,"softCurrencyAmount":0,"hardCurrencyChance":0.05,"hardCurrencyAmount":5,"researchPointsChance":0.01},{"id":"Arena_RedTeamOre","softCurrencyChance":0.0,"softCurrencyAmount":0,"hardCurrencyChance":0.06,"hardCurrencyAmount":5,"researchPointsChance":0.03},{"id":"ore_copper","softCurrencyChance":0.1,"softCurrencyAmount":20,"hardCurrencyChance":0.01,"hardCurrencyAmount":5,"researchPointsChance":0.0025},{"id":"ore_duck","softCurrencyChance":0.0,"softCurrencyAmount":0,"hardCurrencyChance":0.08,"hardCurrencyAmount":5,"researchPointsChance":0.07},{"id":"ore_garbage","softCurrencyChance":0.3,"softCurrencyAmount":45,"hardCurrencyChance":0.015,"hardCurrencyAmount":5,"researchPointsChance":0.0025},{"id":"ore_gold","softCurrencyChance":0.8,"softCurrencyAmount":20,"hardCurrencyChance":0.5,"hardCurrencyAmount":5,"researchPointsChance":0.0025},{"id":"ore_heartmatter","softCurrencyChance":0.0,"softCurrencyAmount":0,"hardCurrencyChance":0.03,"hardCurrencyAmount":5,"researchPointsChance":0.0025},{"id":"ore_heartmatter_blue","softCurrencyChance":0.0,"softCurrencyAmount":0,"hardCurrencyChance":0.05,"hardCurrencyAmount":5,"researchPointsChance":0.0025},{"id":"ore_hell","softCurrencyChance":0.8,"softCurrencyAmount":25,"hardCurrencyChance":0.08,"hardCurrencyAmount":5,"researchPointsChance":0.03},{"id":"ore_nuts","softCurrencyChance":1.0,"softCurrencyAmount":35,"hardCurrencyChance":0.005,"hardCurrencyAmount":5,"researchPointsChance":0.0025},{"id":"ore_rp","softCurrencyChance":0.0,"softCurrencyAmount":0,"hardCurrencyChance":0.05,"hardCurrencyAmount":5,"researchPointsChance":0.15},{"id":"ore_rp_big","softCurrencyChance":0.1,"softCurrencyAmount":250,"hardCurrencyChance":0.05,"hardCurrencyAmount":5,"researchPointsChance":0.5},{"id":"ore_silver","softCurrencyChance":0.2,"softCurrencyAmount":50,"hardCurrencyChance":0.05,"hardCurrencyAmount":5,"researchPointsChance":0.0025},{"id":"ore_teleporter","softCurrencyChance":0.0,"softCurrencyAmount":0,"hardCurrencyChance":0.0,"hardCurrencyAmount":0,"researchPointsChance":0.0},{"id":"ore_uranium","softCurrencyChance":0.0,"softCurrencyAmount":0,"hardCurrencyChance":0.075,"hardCurrencyAmount":5,"researchPointsChance":0.03}]}